issue,title,qa_label,fingerprint,category,action,rationale
68,"Swapping translation direction on a multi-sense result silently discards all senses but the first",bug,"dictionary | direction swap | wrong-content",ux-polish,mark as known-issue and leave open,"Current UX is temporary; a real UI comes later. If the UX is workable, no fix needed."
67,"A word with only one sense is still labelled 'the common meaning', implying other meanings exist when none do",weird,"dictionary | common meaning label | wrong-content",ux-polish,mark as known-issue and leave open,"Same as #68: temporary UX, workable, cosmetic label only."
66,"Marking a dictionary sense as 'the meaning I meant' claims it was saved to vocabulary, but no request is ever sent to the server",bug+possible-duplicate,"dictionary | mark-meaning action | no-network-call",duplicate,close with note: duplicate of #28,"Same fingerprint and behavior as open #28; only adds the home word-count check."
65,"Reloading or directly navigating to the home route ('/') logs an already-authenticated user out, while other routes preserve the session",bug,"home | route navigation | lost-session",duplicate,close with note: duplicate of #31,"Same behavior as older open #31 (found while finishing the pass). User lives only in memory (useCurrentUser context); no route survives a reload. /translate just lacks an auth guard. Session persistence is not built yet."
64,"English-Hebrew-English phrase is misclassified as kind:'word' and returns an empty sense list with no explanation",bug,"dictionary | translate submit | wrong-content",ux-polish,mark as known-issue and leave open,"Model returned no content; server's empty-result path defaults kind to 'word'. Unrealistic input, generic 'not found' message."
63,"English-dominant sentence containing one Hebrew word is detected and labelled as a Hebrew-to-English translation",bug,"dictionary | direction indicator | wrong-content",ux-polish,mark as known-issue and leave open,"Output is correct (fully English) and the input is a realistic learner use; only the direction label could describe it better."
62,"Results screen shows the numeric score but labels it as if it were a step/progress count, so a learner cannot tell it is their score",bug,"results | score display | wrong-content",ux-polish,mark as known-issue and leave open,"Score data is correct; only the label is ambiguous with the progress counter."
61,"Senses whose part of speech is 'determiner' render with no part-of-speech label at all, while other senses of the same word show theirs normally",bug+possible-duplicate,"dictionary | senses list | wrong-content",real_bug,to_be_fixed,"Not a duplicate: same fingerprint as #58/#47/#32/#30 but unrelated behavior. Mobile POS label map lacks 'determiner' and 'numeral' from PartOfSpeechSchema. Client and shared contract disagree; any future UI must handle every schema value, so fix ASAP."
60,"Editing the dictionary input leaves the previous word's full result card on screen, with nothing marking it as outdated",inconvenience,"dictionary | senses list | stale-input",ux-polish,mark as known-issue and leave open,"Standard search-screen behavior; results persist until resubmit. Workable."
59,"Dictionary input has no visible character limit until you are already well over it, and the field never stops accepting extra characters",inconvenience,"dictionary | translate submit | no-feedback",ux-polish,mark as known-issue and leave open,"Limit is enforced and the hint states it; only the timing of the hint is the complaint."
58,"Hebrew idiom translation contains a stray space breaking the prefixed word ('ב יובל' instead of 'ביובל')",bug+possible-duplicate,"dictionary | senses list | wrong-content",translation_quality,leave open,"Model output, persisted in DB. Not a duplicate. Translation quality will be improved in the future."
57,"Signup's 'יצירה' submit button is never disabled for empty/incomplete fields, unlike the login screen's submit button",inconvenience,"signup | submit button state | no-feedback",ux-polish,mark as known-issue and leave open,"Validation works and explains itself; only inconsistent with login's disabled state."
56,"The dictionary never shows which translation direction it will use until after you submit, and there is no way to set it in advance",inconvenience,"dictionary | direction indicator | no-feedback",ux-polish,mark as known-issue and leave open,"Auto-detection is by design and cannot be wrong; a live indicator would be polish."
55,"Looking up a phrase that mixes an English word followed by a Hebrew word can make the server fail with a 502, while the same idea in pure English, pure Hebrew, or Hebrew-then-English order succeeds",bug,"dictionary | translate submit | server-error",real_bug,to_be_fixed,"Reproducible 5xx is a real_bug regardless of input. Model answer rejected by parse/correction guards (TranslationUnreadable -> 502); should degrade like the empty-answer path."
54,"'Switch user' returns to the login screen with the current username still filled in, so it doesn't actually help switch accounts",inconvenience,"profile | switch-user action | stale-input",ux-polish,mark as known-issue and leave open,"No server session exists; remembered username is a feature. Switching works with one extra step."
53,"Sentence-length lookups silently apply spelling correction with no banner, unlike word/phrase lookups which explicitly disclose it",inconvenience,"dictionary | correction banner | no-feedback",ux-polish,mark as known-issue and leave open,"Documented scope (phase 13 spec: corrections are words/phrases only); translation is correct."
52,"After auto-correcting a typo, the app simultaneously offers a second, different 'did you mean' word without clarifying which word the shown results are actually for",weird,"dictionary | correction banner | wrong-content",ux-polish,mark as known-issue and leave open,"Response is correct and the banner names the word; only visual hierarchy is unclear."
51,"'תרגל שוב' (practice again) restarts with the exact same question already seen in the previous session, with no sign this is a repeat",weird,"session | practice-again restart | duplicate-entry",missing-feature,leave open,"Pool is the fixed 10-word set and a session is 10 questions; repeats are inevitable until content/selection grows."
50,"Practice-session question payload includes the correct answer's index before the learner answers",bug,"session | question payload | other",working-as-intended,close,"Deliberate: instant feedback without a round trip (useSession.tsx). Server scores independently; nothing at stake beyond self-practice."
49,"Home screen's word-count card ('X מילים באנגלית') does not say what it is counting",inconvenience,"home | word count label | other",ux-polish,mark as known-issue and leave open,"It is SESSION_LENGTH; correct number, ambiguous label."
48,"Sentence-length lookups drop the example sentence and the 'this is the meaning I meant' action that word/phrase lookups have",inconvenience,"dictionary | sense card | other",working-as-intended,close,"Sentences are single-sense by design; POS/example/sense-choice do not apply to a whole sentence."
47,"Grammatically ambiguous sentences are translated to a single reading with no sign that another reading exists",weird+possible-duplicate,"dictionary | senses list | wrong-content",working-as-intended,close,"Sentences are single-sense by design (same as #48); both readings given are valid. Not a duplicate of #32/#30."
46,"Leaving a practice session via the back arrow silently discards progress with no confirmation and no summary",inconvenience,"session | exit control | no-feedback",ux-polish,mark as known-issue and leave open,"Back arrow works as labelled; a short session is cheap to lose. Confirm dialog/partial score would be polish."
45,"Signup shows one generic 'invalid' message for any server-side rejection, and the username field never enforces its own stated 3-30 character rule client-side",inconvenience,"signup | form validation message | no-feedback",ux-polish,mark as known-issue and leave open,"Server enforces every rule (400 is correct); only the message is unspecific."
44,"Non-numeric age is reported as a missing field, not an invalid one",bug,"signup | age field | wrong-content",ux-polish,mark as known-issue and leave open,"Client blocks bad input correctly; only the message is wrong."
43,"Direction-swap silently substitutes the query with the shown translation and re-searches, which can surface an entirely unrelated set of meanings with no warning",weird,"dictionary | direction swap | no-feedback",ux-polish,mark as known-issue and leave open,"Swap design is intended (#42); new senses are correct for ספר. Only the missing explanation. Related to #68 but a different complaint, so not a duplicate."
35,"Sense list returned by the server contains entries that are duplicates or near-synonyms of each other",inconvenience,"dictionary | senses list | duplicate-entry",translation_quality,leave open,"Model returns near-duplicate senses (match: להתאים twice). Model output quality."
34,"Senses beyond the first are not just collapsed, they are completely unreachable: the 'עוד משמעויות' expand control never renders",bug,"dictionary | senses list | ...",n/a (already closed),none,"Closed 2026-09-16 as not planned."
33,"All senses beyond the first are always hidden behind an extra tap, even though the server already returned them",inconvenience,"dictionary | senses list | ...",n/a (already closed),none,"Closed 2026-09-16 as completed."
32,"'Most common meaning' surfaces a narrower/less frequent sense while a broader, more everyday sense is buried in the collapsed list",weird+possible-duplicate,"dictionary | senses list | wrong-content",translation_quality,leave open,"Sense ranking comes from the model (interest: ריבית ranked above עניין). Not a duplicate of #30."
31,"Reloading or re-navigating to the app root silently drops the logged-in session",bug,"login | route navigation | lost-session",missing-feature,leave open,"Session lives only in memory; persistence not built yet. Original of #65."
30,"Example sentence for a sense does not demonstrate the meaning stated on that sense's card",bug,"dictionary | senses list | wrong-content",translation_quality,leave open,"Model wrote an example for 'light' under the מנורה sense. Model output quality."
29,"Direction-swap control changes the label but leaves stale input text and does not affect the actual translation direction",bug,"dictionary | direction swap | ...",n/a (already closed),none,"Closed 2026-09-16 as completed."
28,"'Mark this meaning' claims to save to vocabulary but fires no network request",bug,"dictionary | mark-meaning action | no-network-call",missing-feature,leave open,"Choice is client state only (useTranslation choose()); no server endpoint to save it exists. Confirmation text claims a save that is not built. Original of #66."
